month,total_sales,previous_month_sales
4,5719.56,5905.2
5,8164.42,5719.56
6,7617.76,8164.42
7,6915.9400000000005,7617.76
8,7613.84,6915.9400000000005
9,9988.64,7613.84
10,13891.16,9988.64
11,8590.539999999999,13891.16
12,6053.04,8590.539999999999
